idx_scan,index_name,schema_name,table_name
0,social_instagram_account_catalog_posts_assigned_season_id_idx,social,instagram_account_catalog_posts
0,social_instagram_account_catalog_posts_assigned_show_id_idx,social,instagram_account_catalog_posts
0,social_instagram_account_catalog_posts_last_backfill_run_id_idx,social,instagram_account_catalog_posts
0,social_instagram_comments_last_seen_run_id_idx,social,instagram_comments
0,admin_recent_people_views_person_id_idx,admin,recent_people_views
0,social_account_hashtag_assignments_season_id_idx,social,account_hashtag_assignments
0,social_reactions_user_id_idx,social,reactions
0,social_reddit_period_post_matches_reddit_post_id_idx,social,reddit_period_post_matches
0,social_reddit_period_post_matches_run_id_idx,social,reddit_period_post_matches
0,social_reddit_period_post_matches_season_id_idx,social,reddit_period_post_matches
0,social_account_hashtag_review_queue_resolved_season_id_idx,social,account_hashtag_review_queue
0,social_account_hashtag_review_queue_resolved_show_id_idx,social,account_hashtag_review_queue
0,social_dm_messages_sender_id_idx,social,dm_messages
0,social_dm_read_receipts_last_read_message_id_idx,social,dm_read_receipts
0,social_dm_read_receipts_user_id_idx,social,dm_read_receipts
0,social_facebook_account_catalog_posts_assigned_season_id_idx,social,facebook_account_catalog_posts
0,social_facebook_account_catalog_posts_assigned_show_id_idx,social,facebook_account_catalog_posts
0,social_facebook_account_catalog_posts_last_backfill_run_id_idx,social,facebook_account_catalog_posts
0,social_reddit_refresh_runs_season_id_idx,social,reddit_refresh_runs
0,social_scrape_jobs_person_id_idx,social,scrape_jobs
0,social_scrape_jobs_show_id_idx,social,scrape_jobs
0,social_scrape_runs_show_id_idx,social,scrape_runs
0,social_youtube_channel_sync_state_show_id_idx,social,youtube_channel_sync_state
0,social_twitter_account_catalog_posts_assigned_season_id_idx,social,twitter_account_catalog_posts
0,social_tiktok_account_catalog_posts_assigned_season_id_idx,social,tiktok_account_catalog_posts
0,social_shared_post_matches_matched_show_id_idx,social,shared_post_matches
0,social_youtube_account_catalog_posts_assigned_season_id_idx,social,youtube_account_catalog_posts
0,social_threads_account_catalog_posts_assigned_season_id_idx,social,threads_account_catalog_posts
0,social_twitter_account_catalog_posts_assigned_show_id_idx,social,twitter_account_catalog_posts
0,social_shared_account_sources_last_scrape_job_id_idx,social,shared_account_sources
0,social_tiktok_comments_last_seen_run_id_idx,social,tiktok_comments
0,social_youtube_video_sync_state_show_id_idx,social,youtube_video_sync_state
0,social_twitter_account_catalog_posts_last_backfill_run_id_idx,social,twitter_account_catalog_posts
0,social_shared_post_review_queue_resolved_show_id_idx,social,shared_post_review_queue
0,social_tiktok_anomaly_events_post_id_idx,social,tiktok_anomaly_events
0,social_youtube_account_catalog_posts_assigned_show_id_idx,social,youtube_account_catalog_posts
0,social_twitter_tweets_last_seen_run_id_idx,social,twitter_tweets
0,social_scrape_workers_run_id_idx,social,scrape_workers
0,social_tiktok_post_cast_members_run_id_idx,social,tiktok_post_cast_members
0,social_youtube_account_catalog_posts_last_backfill_run_id_idx,social,youtube_account_catalog_posts
0,social_scrape_workers_current_job_id_idx,social,scrape_workers
0,social_shared_account_run_partitions_job_id_idx,social,shared_account_run_partitions
0,social_tiktok_account_catalog_posts_assigned_show_id_idx,social,tiktok_account_catalog_posts
0,social_shared_post_review_queue_run_id_idx,social,shared_post_review_queue
0,social_threads_account_catalog_posts_assigned_show_id_idx,social,threads_account_catalog_posts
0,social_shared_account_sources_last_scrape_run_id_idx,social,shared_account_sources
0,social_sync_sessions_show_id_idx,social,sync_sessions
0,social_youtube_comments_last_seen_run_id_idx,social,youtube_comments
0,social_tiktok_account_catalog_posts_last_backfill_run_id_idx,social,tiktok_account_catalog_posts
0,social_shared_post_matches_run_id_idx,social,shared_post_matches
0,social_threads_account_catalog_posts_last_backfill_run_id_idx,social,threads_account_catalog_posts
