n_tup_del,n_tup_ins,n_tup_upd,schema_name,seq_scan,table_name
0,24,85,social,1316,shared_account_run_partitions
0,0,0,social,4,tiktok_anomaly_events
0,0,0,social,87,dm_messages
0,18,69,social,14,sync_sessions
0,0,0,social,5,threads_account_catalog_posts
0,0,0,social,5,threads_account_catalog_posts
0,0,0,social,5,threads_account_catalog_posts
0,0,0,social,5,shared_post_matches
0,0,0,social,5,shared_post_matches
0,374,5613,social,1422,reddit_refresh_runs
0,11,41,social,1207,shared_account_sources
0,11,41,social,1207,shared_account_sources
0,11,9,social,4,youtube_video_sync_state
0,160663,95686,social,46,instagram_comments
0,0,0,social,6,account_hashtag_assignments
0,1,0,admin,5,recent_people_views
32352,65242,39088,social,28,youtube_comments
0,45,40,social,124,twitter_account_catalog_posts
0,45,40,social,124,twitter_account_catalog_posts
0,45,40,social,124,twitter_account_catalog_posts
0,0,0,social,88,dm_read_receipts
0,0,0,social,88,dm_read_receipts
61477,61486,807724,social,196102,scrape_workers
61477,61486,807724,social,196102,scrape_workers
0,1,3,social,4,youtube_channel_sync_state
0,761,28750,social,20416,scrape_runs
0,76769,192158,social,63,tiktok_comments
0,29342,88830,social,14426,instagram_account_catalog_posts
0,29342,88830,social,14426,instagram_account_catalog_posts
0,29342,88830,social,14426,instagram_account_catalog_posts
0,0,0,social,35,tiktok_post_cast_members
0,5769,28728,social,55228,twitter_tweets
0,0,0,social,11,facebook_account_catalog_posts
0,0,0,social,11,facebook_account_catalog_posts
0,0,0,social,11,facebook_account_catalog_posts
0,0,0,social,87,reactions
0,356,5957,social,598,account_hashtag_review_queue
0,356,5957,social,598,account_hashtag_review_queue
0,11232,32193,social,3101,tiktok_account_catalog_posts
0,11232,32193,social,3101,tiktok_account_catalog_posts
0,11232,32193,social,3101,tiktok_account_catalog_posts
0,0,0,social,5,shared_post_review_queue
0,0,0,social,5,shared_post_review_queue
105,4723,2953,social,2261,reddit_period_post_matches
105,4723,2953,social,2261,reddit_period_post_matches
105,4723,2953,social,2261,reddit_period_post_matches
0,27081,167543,social,61174,scrape_jobs
0,27081,167543,social,61174,scrape_jobs
0,40,39,social,16,youtube_account_catalog_posts
0,40,39,social,16,youtube_account_catalog_posts
0,40,39,social,16,youtube_account_catalog_posts
